sku,name,era,status,notes,dc_title,dc_date,dc_creator,dc_subject,dc_description,dc_publisher,dc_contributor,dc_type,dc_format,dc_source,dc_language,dc_relation,dc_coverage,dc_rights,colorway,rarity
BA2037-089,Elephant / Black,Gen 1 (Year Zero),In Collection,First sold publicly. High-contrast grey print on black base. Elephant print is the dominant visual element.,RPM Year Zero - Black Elephant,2008,Nike SB Design Team,Skateboarding Equipment; Year Zero; Heritage; Elephant Print,The first publicly sold Nike SB RPM chassis. Features textile-applied elephant print on the bottom panel and lower front straps. Gold Box Era foundational model.,"Nike, Inc.",Incubation Period (2006-2008),Physical Object,Textile; 600D Polyester; Textile-applied Print,Gold Box Era Release,en-US,Baseline Chassis,Global Release,"© Nike, Inc.",Black/Elephant,Holy Grail
BA2037-222,Elephant / Tan,Gen 1 (Year Zero),In Collection,"The ""Earth Tone"" foundational piece. Specimen missing external skate straps. Features prominent tonal elephant texture.",,,,,,,,,,,,,,,,
BA2049-089,Elephant / Black,Gen 2,In Collection,The final iteration of the Elephant Era. (2 specimens held). Maintains the dominant print legacy.,,,,,,,,,,,,,,,,
BA5403-010,Black / Black,OG / BA,Confirmed,The classic. White Nike SB patch.,,,,,,,,,,,,,,,Black/Black/Black,
BA5971-014,Black / Black,Late BA,Confirmed,Updated matte black hardware.,,,,,,,,,,,,,,,Black/Black/Black,
FD7544-010,Black / White,Modern / FD,Confirmed,Recycled materials. Sportswear branding.,,,,,,,,,,,,,,,Black/Black/White,
FD7544-338,Vintage Green,Modern / FD,Confirmed,Earth tone release.,,,,,,,,,,,,,,,Vintage Green,
FD7544-540,Cave Purple,Modern / FD,Rare,Rare purple variant.,,,,,,,,,,,,,,,Cave Purple,
BA5404-223,Iguana / Black,OG,Confirmed,Desert Camo style.,,,,,,,,,,,,,,,Iguana/Black,
CK5888-010,Black Camo,CK Era,Confirmed,Dark camouflage print.,,,,,,,,,,,,,,,Multi-Color/Black/Black,
DH3069-010,World Tour,DH Era,Confirmed,Black with neon details.,,,,,,,,,,,,,,,Black/Black/White,
DR6426-482,Doernbecher (Catalina),DR Era,Grail,Catalina / Cookie theme. Highly limited.,,,,,,,,,,,,,,,Light Blue/Black (Doernbecher 'Catalina'),
FD9686-405,Doernbecher (Coley),FD Era,Grail,Blue graphics basket weave print.,,,,,,,,,,,,,,,Hyper Royal/Yellow Strike (Doernbecher 'Coley'),
BA5404-010,,,Unverified,,RPM Backpack - Floral Camo,2016,Nike SB Design Team,Lifestyle; Patterned Textiles,"Part of the seasonal Floral collection, utilizing a custom-printed textile that varied per cut, making each bag unique.","Nike, Inc.",Graphic Design Unit,Physical Object,Printed Textile,Summer 2016 Lookbook,en-US,Floral Collection,Select SB Accounts,"© Nike, Inc.",Multi/Black,Rare
