sku,name,era,status,colorway,notes,corpus_note
BA2037-222,Elephant / Tan,Gen 1 (Year Zero),In Collection,,"The ""Earth Tone"" foundational piece. Specimen missing external skate straps. Features prominent tonal elephant texture.","Held. Awaiting a unit row: photograph the interior label, transcribe, log."
BA2049-089,Elephant / Black,Gen 2,In Collection,,The final iteration of the Elephant Era. (2 specimens held). Maintains the dominant print legacy.,"Held. Awaiting a unit row: photograph the interior label, transcribe, log. A distinct model from BA2449-089 (owner, 2026-10-01; RPM-CLAIM-005 retracted). No documentary source found: see RPM-GAP-003."
BA5403-010,Black / Black,OG / BA,Confirmed,Black/Black/Black,The classic. White Nike SB patch.,Style code seen in retail or resale listings (2026-10-01); listings not yet entered as sources. Model line [confirm].
BA5971-014,Black / Black,Late BA,Confirmed,Black/Black/Black,Updated matte black hardware.,"Listings describe this as Sportswear RPM, not SB. Model attribution required before it enters any RPM sequence. Listings not yet entered as sources."
FD7544-010,Black / White,Modern / FD,Confirmed,Black/Black/White,Recycled materials. Sportswear branding.,Style code seen in retail or resale listings (2026-10-01); listings not yet entered as sources. Model line [confirm]. Legacy note mentions Sportswear branding.
FD7544-338,Vintage Green,Modern / FD,Confirmed,Vintage Green,Earth tone release.,Style code seen in retail or resale listings (2026-10-01); listings not yet entered as sources. Model line [confirm].
FD7544-540,Cave Purple,Modern / FD,Rare,Cave Purple,Rare purple variant.,Style code seen in retail or resale listings (2026-10-01); listings not yet entered as sources. Model line [confirm].
BA5404-223,Iguana / Black,OG,Confirmed,Iguana/Black,Desert Camo style.,Style code seen in retail or resale listings (2026-10-01); listings not yet entered as sources. Model line [confirm].
CK5888-010,Black Camo,CK Era,Confirmed,Multi-Color/Black/Black,Dark camouflage print.,Style code seen in retail or resale listings (2026-10-01); listings not yet entered as sources. Model line [confirm].
DH3069-010,World Tour,DH Era,Confirmed,Black/Black/White,Black with neon details.,Style code seen in retail or resale listings (2026-10-01); listings not yet entered as sources. Model line [confirm].
DR6426-482,Doernbecher (Catalina),DR Era,Grail,Light Blue/Black (Doernbecher 'Catalina'),Catalina / Cookie theme. Highly limited.,Doernbecher release; SB-line attribution [confirm]. Listings not yet entered as sources.
FD9686-405,Doernbecher (Coley),FD Era,Grail,Hyper Royal/Yellow Strike (Doernbecher 'Coley'),Blue graphics basket weave print.,Doernbecher release; SB-line attribution [confirm]. Listings not yet entered as sources.
BA5404-010,,,Unverified,,,Unsourced 'Floral Camo 2016' description withdrawn: see RPM-CLAIM-007. Listings describe an RPM all-over-print in black; not yet entered as sources.
